-- Insert sample data

-- administrator table
INSERT INTO administrator (username, phonenum, password)
VALUES ('admin1', '1234567890', 'password1'),
       ('admin2', '9876543210', 'password2');

-- nucleic_info_view table
INSERT INTO nucleic_info_view (identification, test_name, sex, age, test_time, test_result, sample_name, test_s_name, gap_duration)
VALUES
('ID001', '张三', '男', '33', '2023-06-10', '阴性', 'Sample3', 'Test3','3 days'),
('ID002', '李四', '男', '38', '2023-06-10', '阳性', 'Sample3', 'Test2','3 days'),
('ID003', '王五', '男', '31', '2023-06-10', '阳性', 'Sample2', 'Test2','2 days'),
('ID004', '赵六', '女', '25', '2023-06-10', '阳性', 'Sample1', 'Test2','2 days'),
('ID005', '陈七', '女', '34', '2023-06-10', '阳性', 'Sample3', 'Test1','1 days'),
('ID006', '刘八', '男', '28', '2023-06-10', '阴性', 'Sample2', 'Test2','3 days'),
('ID007', '孙九', '男', '36', '2023-06-10', '检测中', 'Sample3', 'Test2','2 days'),
('ID008', '周十', '女', '32', '2023-06-10', '阴性', 'Sample1', 'Test2','3 days'),
('ID009', '吴十一', '男', '37', '2023-06-10', '阴性', 'Sample3', 'Test2','1 days'),
('ID010', '郑十二', '男', '30', '2023-06-10', '检测中', 'Sample1', 'Test2','1 days'),
('ID011', '钟十三', '女', '26', '2023-06-10', '检测中', 'Sample3', 'Test3','3 days'),
('ID012', '马十四', '女', '29', '2023-06-10', '检测中', 'Sample1', 'Test2','2 days'),
('ID013', '罗十五', '男', '27', '2023-06-10', '检测中', 'Sample2', 'Test2','2 days'),
('ID014', '梁十六', '男', '24', '2023-06-10', '阴性', 'Sample1', 'Test1','1 days'),
('ID015', '黄十七', '女', '35', '2023-06-10', '检测中', 'Sample1', 'Test3','1 days'),
('ID016', '许十八', '女', '33', '2023-06-10', '阳性', 'Sample1', 'Test2','1 days'),
('ID017', '何十九', '男', '38', '2023-06-10', '检测中', 'Sample3', 'Test2','1 days'),
('ID018', '冯二十', '男', '31', '2023-06-10', '检测中', 'Sample1', 'Test2','1 days'),
('ID019', '曾二一', '女', '25', '2023-06-10', '阳性', 'Sample1', 'Test2','3 days'),
('ID020', '邓二二', '女', '34', '2023-06-10', '检测中', 'Sample2', 'Test2','2 days'),
('ID021', '肖二三', '男', '28', '2023-06-10', '阴性', 'Sample1', 'Test3','2 days'),
('ID022', '潘二四', '男', '36', '2023-06-10', '阴性', 'Sample3', 'Test1','1 days'),
('ID023', '董二五', '女', '32', '2023-06-10', '检测中', 'Sample1', 'Test3','2 days'),
('ID024', '杨二六', '男', '37', '2023-06-10', '检测中', 'Sample2', 'Test3','3 days'),
('ID025', '魏二七', '男', '30', '2023-06-10', '检测中', 'Sample3', 'Test1','3 days'),
('ID026', '陶二八', '女', '26', '2023-06-10', '阴性', 'Sample3', 'Test1','3 days'),
('ID027', '姜二九', '女', '29', '2023-06-10', '检测中', 'Sample1', 'Test2','3 days'),
('ID028', '戴三十', '男', '27', '2023-06-10', '阴性', 'Sample3', 'Test1','1 days'),
('ID029', '范三一', '男', '24', '2023-06-10', '阴性', 'Sample3', 'Test1','1 days'),
('ID030', '于三二', '女', '35', '2023-06-10', '检测中', 'Sample1', 'Test1','1 days'),
('ID031', '秦三三', '女', '33', '2023-06-10', '检测中', 'Sample3', 'Test1','1 days'),
('ID032', '尤三四', '男', '38', '2023-06-10', '检测中', 'Sample1', 'Test1','2 days'),
('ID033', '许三五', '男', '31', '2023-06-10', '阳性', 'Sample2', 'Test2','2 days'),
('ID034', '何三六', '女', '25', '2023-06-10', '检测中', 'Sample1', 'Test3','1 days'),
('ID035', '冯三七', '女', '34', '2023-06-10', '阳性', 'Sample2', 'Test1','1 days'),
('ID036', '曾三八', '男', '28', '2023-06-10', '阴性', 'Sample3', 'Test3','1 days'),
('ID037', '邓三九', '男', '36', '2023-06-10', '阴性', 'Sample1', 'Test2','1 days'),
('ID038', '肖四十', '女', '32', '2023-06-10', '检测中', 'Sample1', 'Test1','3 days'),
('ID039', '潘四一', '男', '37', '2023-06-10', '检测中', 'Sample3', 'Test3','2 days'),
('ID040', '董四二', '男', '30', '2023-06-10', '检测中', 'Sample3', 'Test2','1 days'),
('ID041', '杨四三', '女', '26', '2023-06-10', '阳性', 'Sample1', 'Test1','3 days'),
('ID042', '魏四四', '女', '29', '2023-06-10', '阴性', 'Sample1', 'Test3','3 days'),
('ID043', '陶四五', '男', '27', '2023-06-10', '检测中', 'Sample3', 'Test3','3 days'),
('ID044', '姜四六', '男', '24', '2023-06-10', '阴性', 'Sample2', 'Test3','1 days'),
('ID045', '戴四七', '女', '35', '2023-06-10', '阴性', 'Sample2', 'Test1','1 days'),
('ID046', '范四八', '女', '33', '2023-06-10', '阴性', 'Sample2', 'Test2','1 days'),
('ID047', '于四九', '男', '38', '2023-06-10', '阴性', 'Sample3', 'Test1','2 days'),
('ID048', '秦五十', '男', '31', '2023-06-10', '阴性', 'Sample3', 'Test1','3 days'),
('ID049', '尤五一', '女', '25', '2023-06-10', '阳性', 'Sample1', 'Test2','2 days'),
('ID050', '许五二', '女', '34', '2023-06-10', '阳性', 'Sample2', 'Test3','3 days'),
('ID051', '何五三', '男', '28', '2023-06-10', '阴性', 'Sample1', 'Test1','2 days'),
('ID052', '冯五四', '男', '36', '2023-06-10', '阴性', 'Sample1', 'Test3','2 days'),
('ID053', '曾五五', '女', '32', '2023-06-10', '检测中', 'Sample3', 'Test1','2 days'),
('ID054', '邓五六', '女', '37', '2023-06-10', '阳性', 'Sample1', 'Test3','1 days'),
('ID055', '肖五七', '男', '30', '2023-06-10', '阳性', 'Sample2', 'Test3','1 days'),
('ID056', '潘五八', '男', '27', '2023-06-10', '阴性', 'Sample3', 'Test3','3 days'),
('ID057', '董五九', '女', '24', '2023-06-10', '检测中', 'Sample3', 'Test2','1 days'),
('ID058', '杨六十', '女', '35', '2023-06-10', '阳性', 'Sample1', 'Test3','3 days'),
('ID059', '魏六一', '男', '33', '2023-06-10', '检测中', 'Sample3', 'Test2','2 days'),
('ID060', '陶六二', '男', '38', '2023-06-10', '检测中', 'Sample1', 'Test2','1 days'),
('ID061', '姜六三', '女', '31', '2023-06-10', '阳性', 'Sample1', 'Test3','1 days'),
('ID062', '戴六四', '女', '28', '2023-06-10', '检测中', 'Sample2', 'Test2','2 days'),
('ID063', '范六五', '男', '37', '2023-06-10', '阳性', 'Sample2', 'Test2','3 days'),
('ID064', '于六六', '男', '25', '2023-06-10', '检测中', 'Sample3', 'Test2','1 days'),
('ID065', '秦六七', '女', '34', '2023-06-10', '阳性', 'Sample3', 'Test3','3 days'),
('ID066', '尤六八', '女', '29', '2023-06-10', '检测中', 'Sample2', 'Test2','3 days'),
('ID067', '许六九', '男', '32', '2023-06-10', '阴性', 'Sample3', 'Test1','3 days'),
('ID068', '何七十', '男', '27', '2023-06-10', '检测中', 'Sample2', 'Test2','1 days'),
('ID069', '冯七一', '女', '24', '2023-06-10', '检测中', 'Sample1', 'Test1','2 days'),
('ID070', '曾七二', '女', '35', '2023-06-10', '检测中', 'Sample2', 'Test2','1 days'),
('ID071', '邓七三', '男', '33', '2023-06-10', '检测中', 'Sample3', 'Test2','2 days'),
('ID072', '肖七四', '男', '38', '2023-06-10', '阳性', 'Sample2', 'Test1','2 days'),
('ID073', '潘七五', '女', '31', '2023-06-10', '阴性', 'Sample1', 'Test1','3 days'),
('ID074', '董七六', '女', '28', '2023-06-10', '阴性', 'Sample2', 'Test2','3 days'),
('ID075', '杨七七', '男', '37', '2023-06-10', '阴性', 'Sample3', 'Test3','2 days'),
('ID076', '魏七八', '男', '25', '2023-06-10', '阳性', 'Sample3', 'Test2','1 days'),
('ID077', '陶七九', '女', '34', '2023-06-10', '阳性', 'Sample2', 'Test3','1 days'),
('ID078', '姜八十', '女', '29', '2023-06-10', '检测中', 'Sample1', 'Test3','3 days'),
('ID079', '戴八一', '男', '32', '2023-06-10', '检测中', 'Sample1', 'Test1','3 days'),
('ID080', '范八二', '男', '27', '2023-06-10', '检测中', 'Sample1', 'Test1','3 days'),
('ID081', '于八三', '女', '24', '2023-06-10', '阳性', 'Sample2', 'Test1','2 days'),
('ID082', '秦八四', '女', '35', '2023-06-10', '阳性', 'Sample2', 'Test3','1 days'),
('ID083', '尤八五', '男', '33', '2023-06-10', '检测中', 'Sample2', 'Test2','1 days'),
('ID084', '许八六', '男', '38', '2023-06-10', '阴性', 'Sample3', 'Test2','3 days'),
('ID085', '何八七', '女', '31', '2023-06-10', '阳性', 'Sample3', 'Test3','2 days'),
('ID086', '冯八八', '女', '28', '2023-06-10', '阴性', 'Sample1', 'Test2','1 days'),
('ID087', '曾八九', '男', '37', '2023-06-10', '检测中', 'Sample2', 'Test3','2 days'),
('ID088', '邓九十', '男', '25', '2023-06-10', '阳性', 'Sample1', 'Test2','1 days'),
('ID089', '肖九一', '女', '34', '2023-06-10', '阴性', 'Sample3', 'Test3','1 days'),
('ID090', '潘九二', '女', '29', '2023-06-10', '检测中', 'Sample2', 'Test3','3 days'),
('ID091', '董九三', '男', '32', '2023-06-10', '阴性', 'Sample2', 'Test3','2 days'),
('ID092', '杨九四', '男', '27', '2023-06-10', '阳性', 'Sample2', 'Test2','2 days'),
('ID093', '魏九五', '女', '35', '2023-06-10', '阳性', 'Sample1', 'Test2','3 days'),
('ID094', '陶九六', '女', '33', '2023-06-10', '阳性', 'Sample3', 'Test3','1 days'),
('ID095', '姜九七', '男', '38', '2023-06-10', '阴性', 'Sample1', 'Test3','3 days'),
('ID096', '戴九八', '男', '31', '2023-06-10', '阳性', 'Sample2', 'Test3','2 days'),
('ID097', '范九九', '女', '28', '2023-06-10', '阳性', 'Sample3', 'Test1','1 days'),
('ID098', '于一百', '女', '37', '2023-06-10', '阳性', 'Sample2', 'Test3','3 days'),
('ID099', '秦一百一', '男', '25', '2023-06-10', '检测中', 'Sample1', 'Test1','2 days'),
('ID100', '尤一百二', '男', '34', '2023-06-10', '阳性', 'Sample3', 'Test1','1 days'),
('ID101', '许一百三', '女', '29', '2023-06-10', '阳性', 'Sample1', 'Test3','2 days'),
('ID102', '何一百四', '女', '32', '2023-06-10', '阳性', 'Sample1', 'Test2','3 days'),
('ID103', '冯一百五', '男', '27', '2023-06-10', '检测中', 'Sample1', 'Test3','1 days'),
('ID104', '曾一百六', '男', '35', '2023-06-10', '阴性', 'Sample1', 'Test3','3 days'),
('ID105', '邓一百七', '女', '33', '2023-06-10', '阴性', 'Sample2', 'Test3','1 days'),
('ID106', '肖一百八', '女', '38', '2023-06-10', '检测中', 'Sample2', 'Test3','3 days'),
('ID107', '潘一百九', '男', '31', '2023-06-10', '检测中', 'Sample1', 'Test3','1 days'),
('ID108', '董二百', '男', '28', '2023-06-10', '阴性', 'Sample3', 'Test1','1 days'),
('ID109', '杨二百一', '女', '37', '2023-06-10', '阳性', 'Sample1', 'Test3','3 days'),
('ID110', '魏二百二', '女', '25', '2023-06-10', '检测中', 'Sample1', 'Test3','2 days'),
('ID111', '陶二百三', '男', '34', '2023-06-10', '阴性', 'Sample2', 'Test3','1 days'),
('ID112', '姜二百四', '男', '29', '2023-06-10', '检测中', 'Sample2', 'Test1','1 days'),
('ID113', '戴二百五', '女', '32', '2023-06-10', '检测中', 'Sample2', 'Test2','1 days'),
('ID114', '范二百六', '女', '27', '2023-06-10', '阳性', 'Sample3', 'Test2','1 days'),
('ID115', '于二百七', '男', '35', '2023-06-10', '阴性', 'Sample3', 'Test1','3 days'),
('ID116', '秦二百八', '男', '33', '2023-06-10', '阳性', 'Sample1', 'Test2','3 days'),
('ID117', '尤二百九', '女', '38', '2023-06-10', '阳性', 'Sample2', 'Test1','2 days'),
('ID118', '许三百', '女', '31', '2023-06-10', '阳性', 'Sample1', 'Test3','2 days'),
('ID119', '何三百一', '男', '28', '2023-06-10', '检测中', 'Sample1', 'Test2','2 days'),
('ID120', '冯三百二', '男', '37', '2023-06-10', '阴性', 'Sample1', 'Test2','3 days'),
('ID121', '曾三百三', '女', '25', '2023-06-10', '阳性', 'Sample2', 'Test2','1 days'),
('ID122', '邓三百四', '女', '34', '2023-06-10', '检测中', 'Sample1', 'Test2','2 days'),
('ID123', '肖三百五', '男', '29', '2023-06-10', '阴性', 'Sample2', 'Test1','2 days'),
('ID124', '潘三百六', '男', '32', '2023-06-10', '阳性', 'Sample3', 'Test3','2 days'),
('ID125', '董三百七', '女', '27', '2023-06-10', '检测中', 'Sample2', 'Test2','1 days'),
('ID126', '杨三百八', '女', '35', '2023-06-10', '阴性', 'Sample2', 'Test3','2 days'),
('ID127', '魏三百九', '男', '33', '2023-06-10', '阳性', 'Sample1', 'Test3','3 days'),
('ID128', '陶四百', '男', '38', '2023-06-10', '阴性', 'Sample3', 'Test3','3 days'),
('ID129', '姜四百一', '女', '31', '2023-06-10', '阴性', 'Sample3', 'Test2','3 days'),
('ID130', '戴四百二', '女', '28', '2023-06-10', '检测中', 'Sample3', 'Test2','3 days'),
('ID131', '范四百三', '男', '37', '2023-06-10', '阳性', 'Sample3', 'Test3','1 days'),
('ID132', '于四百四', '男', '25', '2023-06-10', '阳性', 'Sample1', 'Test1','3 days'),
('ID133', '秦四百五', '女', '34', '2023-06-10', '检测中', 'Sample1', 'Test2','3 days'),
('ID134', '尤四百六', '女', '29', '2023-06-10', '阳性', 'Sample2', 'Test1','2 days'),
('ID135', '许四百七', '男', '32', '2023-06-10', '检测中', 'Sample2', 'Test3','2 days'),
('ID136', '何四百八', '男', '27', '2023-06-10', '阳性', 'Sample3', 'Test1','1 days'),
('ID137', '冯四百九', '女', '35', '2023-06-10', '阴性', 'Sample3', 'Test3','3 days'),
('ID138', '曾百', '女', '33', '2023-06-10', '阴性', 'Sample2', 'Test2','3 days'),
('ID139', '邓五百一', '男', '38', '2023-06-10', '阴性', 'Sample2', 'Test2','1 days'),
('ID140', '肖五百二', '男', '31', '2023-06-10', '阴性', 'Sample2', 'Test3','2 days'),
('ID141', '潘五百三', '女', '28', '2023-06-10', '检测中', 'Sample2', 'Test2','2 days'),
('ID142', '董五百四', '女', '37', '2023-06-10', '阳性', 'Sample1', 'Test3','1 days'),
('ID143', '杨五百五', '男', '25', '2023-06-10', '检测中', 'Sample2', 'Test1','2 days'),
('ID144', '魏五百六', '男', '34', '2023-06-10', '检测中', 'Sample1', 'Test2','2 days'),
('ID145', '陶五百七', '女', '29', '2023-06-10', '阴性', 'Sample3', 'Test3','2 days'),
('ID146', '姜五百八', '女', '32', '2023-06-10', '阳性', 'Sample3', 'Test3','1 days'),
('ID147', '戴五百九', '男', '27', '2023-06-10', '检测中', 'Sample3', 'Test3','1 days'),
('ID148', '范六百', '男', '35', '2023-06-10', '阴性', 'Sample1', 'Test1','2 days'),
('ID149', '于六百一', '女', '33', '2023-06-10', '检测中', 'Sample2', 'Test3','3 days'),
('ID150', '秦六百二', '女', '38', '2023-06-10', '阳性', 'Sample3', 'Test3','3 days'),
('ID151', '尤六百三', '男', '31', '2023-06-10', '阴性', 'Sample3', 'Test1','1 days'),
('ID152', '许六百四', '男', '28', '2023-06-10', '检测中', 'Sample1', 'Test3','3 days'),
('ID153', '何六百五', '女', '37', '2023-06-10', '检测中', 'Sample3', 'Test2','1 days'),
('ID154', '冯六百六', '女', '25', '2023-06-10', '检测中', 'Sample2', 'Test2','2 days'),
('ID155', '曾六百七', '男', '34', '2023-06-10', '检测中', 'Sample3', 'Test1','1 days'),
('ID156', '邓六百八', '男', '29', '2023-06-10', '阳性', 'Sample3', 'Test3','1 days'),
('ID157', '肖六百九', '女', '32', '2023-06-10', '阳性', 'Sample2', 'Test1','2 days'),
('ID158', '潘七百', '女', '27', '2023-06-10', '阴性', 'Sample2', 'Test1','2 days'),
('ID159', '董七百一', '男', '35', '2023-06-10', '阳性', 'Sample3', 'Test3','3 days'),
('ID160', '杨七百二', '男', '33', '2023-06-10', '阳性', 'Sample1', 'Test2','2 days'),
('ID161', '魏七百三', '女', '38', '2023-06-10', '阳性', 'Sample2', 'Test2','1 days'),
('ID162', '陶七百四', '女', '31', '2023-06-10', '检测中', 'Sample2', 'Test1','2 days'),
('ID163', '姜七百五', '男', '28', '2023-06-10', '阳性', 'Sample2', 'Test2','1 days'),
('ID164', '戴七百六', '男', '37', '2023-06-10', '阳性', 'Sample1', 'Test1','3 days'),
('ID165', '范百七', '女', '25', '2023-06-10', '阴性', 'Sample2', 'Test3','3 days'),
('ID166', '于七百八', '女', '34', '2023-06-10', '检测中', 'Sample2', 'Test2','1 days'),
('ID167', '秦七百九', '男', '29', '2023-06-10', '阴性', 'Sample2', 'Test1','2 days'),
('ID168', '尤八百', '男', '32', '2023-06-10', '阳性', 'Sample1', 'Test1','2 days'),
('ID169', '许八百一', '女', '27', '2023-06-10', '检测中', 'Sample1', 'Test1','1 days'),
('ID170', '何八百二', '女', '35', '2023-06-10', '阴性', 'Sample2', 'Test2','1 days'),
('ID171', '冯八百三', '男', '33', '2023-06-10', '检测中', 'Sample3', 'Test1','3 days'),
('ID172', '曾八百四', '男', '38', '2023-06-10', '阴性', 'Sample1', 'Test1','2 days'),
('ID173', '邓八百五', '女', '31', '2023-06-10', '阴性', 'Sample1', 'Test1','2 days'),
('ID174', '肖八百六', '女', '28', '2023-06-10', '检测中', 'Sample1', 'Test1','1 days'),
('ID175', '潘八百七', '男', '37', '2023-06-10', '阳性', 'Sample2', 'Test1','2 days'),
('ID176', '董八百八', '男', '25', '2023-06-10', '检测中', 'Sample3', 'Test2','1 days'),
('ID177', '杨八百九', '女', '34', '2023-06-10', '阴性', 'Sample1', 'Test3','2 days'),
('ID178', '魏九百', '女', '29', '2023-06-10', '阴性', 'Sample3', 'Test2','2 days'),
('ID179', '陶九百一', '男', '32', '2023-06-10', '阳性', 'Sample2', 'Test2','1 days'),
('ID180', '姜九百二', '男', '27', '2023-06-10', '阳性', 'Sample2', 'Test3','2 days'),
('ID181', '戴九百三', '女', '35', '2023-06-10', '检测中', 'Sample2', 'Test2','1 days'),
('ID182', '范九百四', '女', '33', '2023-06-10', '检测中', 'Sample2', 'Test3','3 days'),
('ID183', '于九百五', '男', '38', '2023-06-10', '检测中', 'Sample3', 'Test1','1 days'),
('ID184', '秦九百六', '男', '31', '2023-06-10', '阳性', 'Sample3', 'Test3','1 days'),
('ID185', '尤九百七', '女', '28', '2023-06-10', '阳性', 'Sample3', 'Test3','1 days'),
('ID186', '许九百八', '女', '37', '2023-06-10', '阴性', 'Sample1', 'Test3','2 days'),
('ID187', '何九百九', '男', '25', '2023-06-10', '阳性', 'Sample3', 'Test3','3 days'),
('ID188', '冯一千', '男', '34', '2023-06-10', '阳性', 'Sample3', 'Test1','3 days'),
('ID189', '曾一千一', '女', '29', '2023-06-10', '阴性', 'Sample2', 'Test3','2 days'),
('ID190', '邓一千二', '女', '32', '2023-06-10', '阳性', 'Sample3', 'Test2','3 days'),
('ID191', '肖一千三', '男', '27', '2023-06-10', '检测中', 'Sample1', 'Test2','3 days'),
('ID192', '潘一千四', '男', '35', '2023-06-10', '阴性', 'Sample2', 'Test2','1 days'),
('ID193', '董一千五', '女', '33', '2023-06-10', '检测中', 'Sample3', 'Test2','1 days'),
('ID194', '杨一千六', '女', '38', '2023-06-10', '阳性', 'Sample1', 'Test3','3 days'),
('ID195', '魏一千七', '男', '31', '2023-06-10', '阳性', 'Sample3', 'Test2','2 days'),
('ID196', '陶一千八', '男', '28', '2023-06-10', '检测中', 'Sample2', 'Test3','1 days'),
('ID197', '姜一千九', '女', '37', '2023-06-10', '阴性', 'Sample2', 'Test2','2 days'),
('ID198', '戴二千', '女', '25', '2023-06-10', '检测中', 'Sample1', 'Test3','1 days'),
('ID199', '范二千一', '男', '34', '2023-06-10', '阳性', 'Sample1', 'Test1','3 days'),
('ID200', '于二千二', '男', '29', '2023-06-10', '检测中', 'Sample3', 'Test3','1 days'),
('ID201', '秦二千三', '女', '32', '2023-06-10', '检测中', 'Sample3', 'Test2','3 days'),
('ID202', '尤二千四', '女', '27', '2023-06-10', '阴性', 'Sample3', 'Test3','1 days'),
('ID203', '许二千五', '男', '35', '2023-06-10', '阴性', 'Sample1', 'Test2','3 days'),
('ID204', '何二千六', '男', '33', '2023-06-10', '阳性', 'Sample2', 'Test2','1 days'),
('ID205', '冯二千七', '女', '38', '2023-06-10', '阳性', 'Sample1', 'Test2','2 days'),
('ID206', '曾二千八', '女', '31', '2023-06-10', '检测中', 'Sample1', 'Test1','1 days'),
('ID207', '邓二千九', '男', '28', '2023-06-10', '阳性', 'Sample1', 'Test2','3 days'),
('ID208', '肖三千', '男', '37', '2023-06-10', '阴性', 'Sample1', 'Test1','1 days'),
('ID209', '潘三千一', '女', '25', '2023-06-10', '阳性', 'Sample1', 'Test3','1 days'),
('ID210', '董三千二', '女', '34', '2023-06-10', '阴性', 'Sample2', 'Test2','3 days'),
('ID211', '杨三千三', '男', '29', '2023-06-10', '阳性', 'Sample3', 'Test3','2 days'),
('ID212', '魏三千四', '男', '32', '2023-06-10', '阳性', 'Sample1', 'Test3','1 days'),
('ID213', '陶三千五', '女', '27', '2023-06-10', '阳性', 'Sample2', 'Test1','1 days'),
('ID214', '姜三千六', '女', '35', '2023-06-10', '检测中', 'Sample3', 'Test1','2 days'),
('ID215', '戴三千七', '男', '33', '2023-06-10', '阴性', 'Sample3', 'Test3','2 days'),
('ID216', '范三千八', '男', '38', '2023-06-10', '检测中', 'Sample1', 'Test3','3 days'),
('ID217', '于三千九', '女', '31', '2023-06-10', '阳性', 'Sample2', 'Test1','1 days'),
('ID218', '秦四千', '女', '28', '2023-06-10', '检测中', 'Sample3', 'Test2','2 days'),
('ID219', '尤四一', '男', '37', '2023-06-10', '检测中', 'Sample3', 'Test3','3 days'),
('ID220', '许四千二', '男', '25', '2023-06-10', '阳性', 'Sample2', 'Test1','2 days');

-- resident_view table
INSERT INTO resident_view (identification, r_name, sex, birthday, age, streetname) VALUES
('ID001', '张三', '男', '1990-06-10', '33', '韵苑'),
('ID002', '李四', '男', '1985-02-18', '38', '韵苑'),
('ID003', '王五', '男', '1992-09-25', '31', '韵苑'),
('ID004', '赵六', '女', '1998-07-12', '25', '韵苑'),
('ID005', '陈七', '女', '1989-04-03', '34', '韵苑'),
('ID006', '刘八', '男', '1995-12-28', '28', '韵苑'),
('ID007', '孙九', '男', '1987-10-17', '36', '韵苑'),
('ID008', '周十', '女', '1991-03-08', '32', '韵苑'),
('ID009', '吴十一', '男', '1986-11-04', '37', '韵苑'),
('ID010', '郑十二', '男', '1993-08-21', '30', '韵苑'),
('ID011', '钟十三', '女', '1997-05-19', '26', '韵苑'),
('ID012', '马十四', '女', '1994-01-22', '29', '韵苑'),
('ID013', '罗十五', '男', '1996-09-02', '27', '韵苑'),
('ID014', '梁十六', '男', '1999-07-31', '24', '韵苑'),
('ID015', '黄十七', '女', '1988-04-26', '35', '韵苑'),
('ID016', '许十八', '女', '1990-12-13', '33', '韵苑'),
('ID017', '何十九', '男', '1985-10-02', '38', '韵苑'),
('ID018', '冯二十', '男', '1992-06-29', '31', '韵苑'),
('ID019', '曾二一', '女', '1998-03-23', '25', '韵苑'),
('ID020', '邓二二', '女', '1989-12-16', '34', '韵苑'),
('ID021', '肖二三', '男', '1995-08-08', '28', '韵苑'),
('ID022', '潘二四', '男', '1987-06-03', '36', '韵苑'),
('ID023', '董二五', '女', '1991-02-26', '32', '韵苑'),
('ID024', '杨二六', '男', '1986-12-19', '37', '韵苑'),
('ID025', '魏二七', '男', '1993-09-12', '30', '韵苑'),
('ID026', '陶二八', '女', '1997-07-09', '26', '韵苑'),
('ID027', '姜二九', '女', '1994-05-06', '29', '韵苑'),
('ID028', '戴三十', '男', '1996-01-30', '27', '韵苑'),
('ID029', '范三一', '男', '1999-10-24', '24', '韵苑'),
('ID030', '于三二', '女', '1988-08-17', '35', '韵苑'),
('ID031', '秦三三', '女', '1990-06-15', '33', '韵苑'),
('ID032', '尤三四', '男', '1985-04-10', '38', '韵苑'),
('ID033', '许三五', '男', '1992-01-04', '31', '韵苑'),
('ID034', '何三六', '女', '1998-09-27', '25', '韵苑'),
('ID035', '冯三七', '女', '1989-07-22', '34', '韵苑'),
('ID036', '曾三八', '男', '1995-05-17', '28', '韵苑'),
('ID037', '邓三九', '男', '1987-03-10', '36', '韵苑'),
('ID038', '肖四十', '女', '1991-12-04', '32', '韵苑'),
('ID039', '潘四一', '男', '1986-09-26', '37', '韵苑'),
('ID040', '董四二', '男', '1993-07-20', '30', '韵苑'),
('ID041', '杨四三', '女', '1997-04-15', '26', '韵苑'),
('ID042', '魏四四', '女', '1994-02-08', '29', '韵苑'),
('ID043', '陶四五', '男', '1996-11-02', '27', '韵苑'),
('ID044', '姜四六', '男', '1999-08-27', '24', '韵苑'),
('ID045', '戴四七', '女', '1988-06-22', '35', '韵苑'),
('ID046', '范四八', '女', '1990-04-17', '33', '韵苑'),
('ID047', '于四九', '男', '1985-02-11', '38', '韵苑'),
('ID048', '秦五十', '男', '1992-10-06', '31', '韵苑'),
('ID049', '尤五一', '女', '1998-08-01', '25', '韵苑'),
('ID050', '许五二', '女', '1989-05-26', '34', '韵苑'),
('ID051', '何五三', '男', '1995-03-19', '28', '紫菘'),
('ID052', '冯五四', '男', '1987-01-14', '36', '紫菘'),
('ID053', '曾五五', '女', '1991-10-09', '32', '紫菘'),
('ID054', '邓五六', '女', '1986-08-02', '37', '紫菘'),
('ID055', '肖五七', '男', '1993-05-26', '30', '紫菘'),
('ID056', '潘五八', '男', '1997-03-19', '27', '紫菘'),
('ID057', '董五九', '女', '1994-01-14', '24', '紫菘'),
('ID058', '杨六十', '女', '1996-10-08', '35', '紫菘'),
('ID059', '魏六一', '男', '1999-08-01', '33', '紫菘'),
('ID060', '陶六二', '男', '1988-05-26', '38', '紫菘'),
('ID061', '姜六三', '女', '1990-03-19', '31', '紫菘'),
('ID062', '戴六四', '女', '1985-01-14', '28', '紫菘'),
('ID063', '范六五', '男', '1992-10-07', '37', '紫菘'),
('ID064', '于六六', '男', '1998-08-02', '25', '紫菘'),
('ID065', '秦六七', '女', '1989-05-26', '34', '紫菘'),
('ID066', '尤六八', '女', '1995-03-19', '29', '紫菘'),
('ID067', '许六九', '男', '1991-01-14', '32', '紫菘'),
('ID068', '何七十', '男', '1996-10-08', '27', '紫菘'),
('ID069', '冯七一', '女', '1999-08-01', '24', '紫菘'),
('ID070', '曾七二', '女', '1988-05-26', '35', '紫菘'),
('ID071', '邓七三', '男', '1990-03-19', '33', '紫菘'),
('ID072', '肖七四', '男', '1985-01-14', '38', '紫菘'),
('ID073', '潘七五', '女', '1992-10-07', '31', '紫菘'),
('ID074', '董七六', '女', '1998-08-02', '28', '紫菘'),
('ID075', '杨七七', '男', '1989-05-26', '37', '紫菘'),
('ID076', '魏七八', '男', '1995-03-19', '25', '紫菘'),
('ID077', '陶七九', '女', '1991-01-14', '34', '紫菘'),
('ID078', '姜八十', '女', '1996-10-08', '29', '紫菘'),
('ID079', '戴八一', '男', '1999-08-01', '32', '紫菘'),
('ID080', '范八二', '男', '1988-05-26', '27', '紫菘'),
('ID081', '于八三', '女', '1990-03-19', '24', '紫菘'),
('ID082', '秦八四', '女', '1985-01-14', '35', '紫菘'),
('ID083', '尤八五', '男', '1992-10-07', '33', '紫菘'),
('ID084', '许八六', '男', '1998-08-02', '38', '紫菘'),
('ID085', '何八七', '女', '1989-05-26', '31', '紫菘'),
('ID086', '冯八八', '女', '1995-03-19', '28', '紫菘'),
('ID087', '曾八九', '男', '1991-01-14', '37', '紫菘'),
('ID088', '邓九十', '男', '1996-10-08', '25', '紫菘'),
('ID089', '肖九一', '女', '1999-08-01', '34', '紫菘'),
('ID090', '潘九二', '女', '1988-05-26', '29', '紫菘'),
('ID091', '董九三', '男', '1990-03-19', '32', '紫菘'),
('ID092', '杨九四', '男', '1985-01-14', '27', '紫菘'),
('ID093', '魏九五', '女', '1992-10-07', '35', '紫菘'),
('ID094', '陶九六', '女', '1998-08-02', '33', '紫菘'),
('ID095', '姜九七', '男', '1989-05-26', '38', '紫菘'),
('ID096', '戴九八', '男', '1995-03-19', '31', '紫菘'),
('ID097', '范九九', '女', '1991-01-14', '28', '紫菘'),
('ID098', '于一百', '女', '1996-10-08', '37', '紫菘'),
('ID099', '秦一百一', '男', '1999-08-01', '25', '紫菘'),
('ID100', '尤一百二', '男', '1988-05-26', '34', '紫菘'),
('ID101', '许一百三', '女', '1990-03-19', '29', '紫菘'),
('ID102', '何一百四', '女', '1985-01-14', '32', '紫菘'),
('ID103', '冯一百五', '男', '1992-10-07', '27', '紫菘'),
('ID104', '曾一百六', '男', '1998-08-02', '35', '紫菘'),
('ID105', '邓一百七', '女', '1989-05-26', '33', '紫菘'),
('ID106', '肖一百八', '女', '1995-03-19', '38', '紫菘'),
('ID107', '潘一百九', '男', '1991-01-14', '31', '紫菘'),
('ID108', '董二百', '男', '1996-10-08', '28', '紫菘'),
('ID109', '杨二百一', '女', '1999-08-01', '37', '紫菘'),
('ID110', '魏二百二', '女', '1988-05-26', '25', '紫菘'),
('ID111', '陶二百三', '男', '1990-03-19', '34', '紫菘'),
('ID112', '姜二百四', '男', '1985-01-14', '29', '紫菘'),
('ID113', '戴二百五', '女', '1992-10-07', '32', '紫菘'),
('ID114', '范二百六', '女', '1998-08-02', '27', '紫菘'),
('ID115', '于二百七', '男', '1989-05-26', '35', '紫菘'),
('ID116', '秦二百八', '男', '1995-03-19', '33', '紫菘'),
('ID117', '尤二百九', '女', '1991-01-14', '38', '紫菘'),
('ID118', '许三百', '女', '1996-10-08', '31', '紫菘'),
('ID119', '何三百一', '男', '1999-08-01', '28', '紫菘'),
('ID120', '冯三百二', '男', '1988-05-26', '37', '紫菘'),
('ID121', '曾三百三', '女', '1990-03-19', '25', '紫菘'),
('ID122', '邓三百四', '女', '1985-01-14', '34', '紫菘'),
('ID123', '肖三百五', '男', '1992-10-07', '29', '紫菘'),
('ID124', '潘三百六', '男', '1998-08-02', '32', '紫菘'),
('ID125', '董三百七', '女', '1989-05-26', '27', '沁园'),
('ID126', '杨三百八', '女', '1995-03-19', '35', '沁园'),
('ID127', '魏三百九', '男', '1991-01-14', '33', '沁园'),
('ID128', '陶四百', '男', '1996-10-08', '38', '沁园'),
('ID129', '姜四百一', '女', '1999-08-01', '31', '沁园'),
('ID130', '戴四百二', '女', '1988-05-26', '28', '沁园'),
('ID131', '范四百三', '男', '1990-03-19', '37', '沁园'),
('ID132', '于四百四', '男', '1985-01-14', '25', '沁园'),
('ID133', '秦四百五', '女', '1992-10-07', '34', '沁园'),
('ID134', '尤四百六', '女', '1998-08-02', '29', '沁园'),
('ID135', '许四百七', '男', '1989-05-26', '32', '沁园'),
('ID136', '何四百八', '男', '1995-03-19', '27', '沁园'),
('ID137', '冯四百九', '女', '1991-01-14', '35', '沁园'),
('ID138', '曾五百', '女', '1996-10-08', '33', '沁园'),
('ID139', '邓五百一', '男', '1999-08-01', '38', '沁园'),
('ID140', '肖五百二', '男', '1988-05-26', '31', '沁园'),
('ID141', '潘五百三', '女', '1990-03-19', '28', '沁园'),
('ID142', '董五百四', '女', '1985-01-14', '37', '沁园'),
('ID143', '杨五百五', '男', '1992-10-07', '25', '沁园'),
('ID144', '魏五百六', '男', '1998-08-02', '34', '沁园'),
('ID145', '陶五百七', '女', '1989-05-26', '29', '沁园'),
('ID146', '姜五百八', '女', '1995-03-19', '32', '沁园'),
('ID147', '戴五百九', '男', '1991-01-14', '27', '沁园'),
('ID148', '范六百', '男', '1996-10-08', '35', '沁园'),
('ID149', '于六百一', '女', '1999-08-01', '33', '沁园'),
('ID150', '秦六百二', '女', '1988-05-26', '38', '沁园'),
('ID151', '尤六百三', '男', '1990-03-19', '31', '沁园'),
('ID152', '许六百四', '男', '1985-01-14', '28', '沁园'),
('ID153', '何六百五', '女', '1992-10-07', '37', '沁园'),
('ID154', '冯六百六', '女', '1998-08-02', '25', '沁园'),
('ID155', '曾六百七', '男', '1989-05-26', '34', '沁园'),
('ID156', '邓六百八', '男', '1995-03-19', '29', '沁园'),
('ID157', '肖六百九', '女', '1991-01-14', '32', '沁园'),
('ID158', '潘七百', '女', '1996-10-08', '27', '沁园'),
('ID159', '董七百一', '男', '1999-08-01', '35', '沁园'),
('ID160', '杨七百二', '男', '1988-05-26', '33', '沁园'),
('ID161', '魏七百三', '女', '1990-03-19', '38', '沁园'),
('ID162', '陶七百四', '女', '1985-01-14', '31', '沁园'),
('ID163', '姜七百五', '男', '1992-10-07', '28', '沁园'),
('ID164', '戴七百六', '男', '1998-08-02', '37', '沁园'),
('ID165', '范七百七', '女', '1989-05-26', '25', '沁园'),
('ID166', '于七百八', '女', '1995-03-19', '34', '沁园'),
('ID167', '秦七百九', '男', '1991-01-14', '29', '沁园'),
('ID168', '尤八百', '男', '1996-10-08', '32', '沁园'),
('ID169', '许八百一', '女', '1999-08-01', '27', '沁园'),
('ID170', '何八百二', '女', '1988-05-26', '35', '沁园'),
('ID171', '冯八百三', '男', '1990-03-19', '33', '沁园'),
('ID172', '曾八百四', '男', '1985-01-14', '38', '沁园'),
('ID173', '邓八百五', '女', '1992-10-07', '31', '沁园'),
('ID174', '肖八百六', '女', '1998-08-02', '28', '沁园'),
('ID175', '潘八百七', '男', '1989-05-26', '37', '沁园'),
('ID176', '董八百八', '男', '1995-03-19', '25', '沁园'),
('ID177', '杨八百九', '女', '1991-01-14', '34', '沁园'),
('ID178', '魏九百', '女', '1996-10-08', '29', '沁园'),
('ID179', '陶九百一', '男', '1999-08-01', '32', '沁园'),
('ID180', '姜九百二', '男', '1988-05-26', '27', '沁园'),
('ID181', '戴九百三', '女', '1990-03-19', '35', '沁园'),
('ID182', '范九百四', '女', '1985-01-14', '33', '沁园'),
('ID183', '于九百五', '男', '1992-10-07', '38', '沁园'),
('ID184', '秦九百六', '男', '1998-08-02', '31', '沁园'),
('ID185', '尤九百七', '女', '1989-05-26', '28', '沁园'),
('ID186', '许九百八', '女', '1995-03-19', '37', '沁园'),
('ID187', '何九百九', '男', '1991-01-14', '25', '沁园'),
('ID188', '冯一千', '男', '1996-10-08', '34', '沁园'),
('ID189', '曾一千一', '女', '1999-08-01', '29', '沁园'),
('ID190', '邓一千二', '女', '1988-05-26', '32', '沁园'),
('ID191', '肖一千三', '男', '1990-03-19', '27', '沁园'),
('ID192', '潘一千四', '男', '1985-01-14', '35', '沁园'),
('ID193', '董一千五', '女', '1992-10-07', '33', '沁园'),
('ID194', '杨一千六', '女', '1998-08-02', '38', '沁园'),
('ID195', '魏一千七', '男', '1989-05-26', '31', '沁园'),
('ID196', '陶一千八', '男', '1995-03-19', '28', '沁园'),
('ID197', '姜一千九', '女', '1991-01-14', '37', '沁园'),
('ID198', '戴二千', '女', '1996-10-08', '25', '沁园'),
('ID199', '范二千一', '男', '1999-08-01', '34', '沁园'),
('ID200', '于二千二', '男', '1988-05-26', '29', '沁园'),
('ID201', '秦二千三', '女', '1990-03-19', '32', '沁园'),
('ID202', '尤二千四', '女', '1985-01-14', '27', '沁园'),
('ID203', '许二千五', '男', '1992-10-07', '35', '沁园'),
('ID204', '何二千六', '男', '1998-08-02', '33', '沁园'),
('ID205', '冯二千七', '女', '1989-05-26', '38', '沁园'),
('ID206', '曾二千八', '女', '1995-03-19', '31', '沁园'),
('ID207', '邓二千九', '男', '1991-01-14', '28', '沁园'),
('ID208', '肖三千', '男', '1996-10-08', '37', '沁园'),
('ID209', '潘三千一', '女', '1999-08-01', '25', '沁园'),
('ID210', '董三千二', '女', '1988-05-26', '34', '沁园'),
('ID211', '杨三千三', '男', '1990-03-19', '29', '沁园'),
('ID212', '魏三千四', '男', '1985-01-14', '32', '沁园'),
('ID213', '陶三千五', '女', '1992-10-07', '27', '沁园'),
('ID214', '姜三千六', '女', '1998-08-02', '35', '沁园'),
('ID215', '戴三千七', '男', '1989-05-26', '33', '沁园'),
('ID216', '范三千八', '男', '1995-03-19', '38', '沁园'),
('ID217', '于三千九', '女', '1991-01-14', '31', '沁园'),
('ID218', '秦四千', '女', '1996-10-08', '28', '沁园'),
('ID219', '尤四千一', '男', '1999-08-01', '37', '沁园'),
('ID220', '许四千二', '男', '1988-05-26', '25', '沁园'),
('ID221', '何四千三', '女', '1990-03-19', '34', '沁园'),
('ID222', '冯四千四', '女', '1985-01-14', '29', '沁园'),
('ID223', '曾四千五', '男', '1992-10-07', '32', '沁园'),
('ID224', '邓四千六', '男', '1998-08-02', '27', '沁园'),
('ID225', '肖四千七', '女', '1989-05-26', '35', '沁园');

-- sampling_institution table
INSERT INTO sampling_institution (sample_code, sample_name, s_address)
VALUES ('Sample1', '东校区核酸采样点', '东操'),
       ('Sample2', '高层小区核酸检测点', '高层小区'),
       ('Sample3', '西校区核酸检测点', '中操');

-- street table
INSERT INTO street (streetname, permanent_r_num)
VALUES ('韵苑', 50),
       ('紫菘', 75),
       ('沁园', 100);

-- test_institution table
INSERT INTO test_institution (test_s_code, test_s_name, t_address)
VALUES ('Test1', '武汉市中心医院', '武汉市江岸区胜利街26号'),
       ('Test2', '武汉儿童医院', '武汉市江岸区香港路100号'),
       ('Test3', '武汉市中医医院', '武汉市江岸区黎黄陂路49号');
